,eternal sunshine,eternal sunshine of the spotless mind,eternal sunshine of a spotless mind,eternalsunshine of the spotless mind,the eternal sunshine of the spotless mind,eternal sunshine on the spotless mind,o brother where art thou,"o brother , where art thou?",oh brother where art thou
eternal sunshine,,,,,,,,,
eternal sunshine of the spotless mind,0.0,,,,,,,,
eternal sunshine of a spotless mind,0.0,0.0,,,,,,,
eternalsunshine of the spotless mind,0.0,0.0,0.0,,,,,,
the eternal sunshine of the spotless mind,0.0,0.0,0.0,0.0,,,,,
eternal sunshine on the spotless mind,0.0,0.0,0.0,0.0,0.0,,,,
o brother where art thou,0.0,0.0,0.0,0.0,0.0,0.0,,,
"o brother , where art thou?",0.0,0.0,0.0,0.0,0.0,0.0,0.0,,
oh brother where art thou,0.0,0.0,0.0,0.0,0.0,0.0,0.0,0.0,
